Id;URL;Image;Title;Date;Video Views (Organic);Video Views (Paid);Reach (Organic);Reach (Paid);Likes (Organic);Saved (Organic);Comments (Organic);Interactions (Organic);Interactions (Paid);Engagement;Post clicks (Paid);Spend
"3048530220417146701_1417037267";"https://www.instagram.com/reel/CpOjhVrAd9N/";"https://scontent-lcy1-1.cdninstagram.com/v/t51.29350-15/333951371_1227982528145642_1522045002312561516_n.jpg?_nc_cat=106&ccb=1-7&_nc_sid=8ae9d6&_nc_eui2=AeEDPurJ5ZC0gfrB-9XYf0e9ES8tTsw0HrkRLy1OzDQeuZFw9J05lajpFxm5GYPlD-Q&_nc_ohc=_08Bn6ZDFIwAX8oWawB&_nc_ht=scontent-lcy1-1.cdninstagram.com&edm=AM6HXa8EAAAA&oh=00_AfDIe4lSmhskM8ycCNgGphNwxtVadqsqtIUTzWI-0u1qXw&oe=6403DFEF";"Hay teorías y teorías… Esta es la de @marianoanga y tiene como protagonista a Leo Mattioli 🤔

⚡️Todos los jueves a las 20:00, @taniawed y @marianoanga hacen #HolaPais por Twitch y YouTube ¡No te lo pierdas!";2023-02-28 21:19;2789;;2474;;39;0;3;42;;"16.98";;
"3048292006817204506_1417037267";"https://www.instagram.com/reel/CpNtW3-AIka/";"https://scontent-lcy1-2.cdninstagram.com/v/t51.36329-15/334035681_952333652592442_2824200117287375532_n.jpg?_nc_cat=110&ccb=1-7&_nc_sid=c4dd86&_nc_ohc=lIsNpksd1nkAX_4GnAv&_nc_ht=scontent-lcy1-2.cdninstagram.com&edm=AM6HXa8EAAAA&oh=00_AfALEs3elrUiM3pDgfzjBFJq8-d-iQ0imeS3P9e1o-MgJQ&oe=64DE3A92";"🍸 Gin Cordillera, una bebida bien cuyana que conquista al mundo

✨ @cordilleragin presenta dos variedades: la clásica London Dry y la Pink. 

💕 Cordillera Pink fue reconocido como el mejor del mundo en la categoría saborizados y es uno de las más elegidas entre quienes priorizan el aroma y el sabor. Eduardo Fuhr, su creador, utiliza para su elaboración el color y las características del vino syrah, el tinto más sanjuanino.

#FestivalPaís #SanJuan #FiestaNacionalDelSol
@manuvidela @agus_bettio";2023-02-28 13:20;6519;;6131;;69;1;1;71;;"11.58";;
"3047616422336438228_1417037267";"https://www.instagram.com/reel/CpLTv05Ap_U/";"https://scontent-lcy1-1.cdninstagram.com/v/t51.29350-15/333280264_525475582949383_192870473063707158_n.jpg?_nc_cat=100&ccb=1-7&_nc_sid=8ae9d6&_nc_eui2=AeEMdo4Qpdbr6qCFAhj-FS9z_WyhMh5bfCf9bKEyHlt8Jwpn8s8pI53dm7jdV7oogDE&_nc_ohc=E_1tG2WGKA0AX_EHkNS&_nc_ht=scontent-lcy1-1.cdninstagram.com&edm=AM6HXa8EAAAA&oh=00_AfAlNz1SsXXEkM2ZTxF0QdZ96fmhNEDMaeQge4riKDMh-A&oe=64034261";"¿Quién llegó? La Nena de Argentina

🎤 @mariabecerra se presentó ante una multitud que llenó el Costanera Complejo Ferial en la cuarta noche de la Fiesta del Sol

🎵 El show de María en San Juan fue el cierre de su Animal Tour. En marzo la quilmeña se presentará en el Lollapalooza de Buenos Aires

#FestivalPaís #FNS2023 #SanJuan #MaríaBecerra #LaNenaDeArgentina";2023-02-27 15:52;4455;;4032;;88;3;1;92;;"22.82";;
"3046806436593066088_1417037267";"https://www.instagram.com/reel/CpIbk-4gOBo/";"https://scontent-lcy1-1.cdninstagram.com/v/t51.29350-15/333534477_128684949889390_855577882120156393_n.jpg?_nc_cat=104&ccb=1-7&_nc_sid=8ae9d6&_nc_eui2=AeFvuny9rvyIuHk1XordolJSIbyJrw1_eqYhvImvDX96puIRoymb5PfL9wvePLTwQqg&_nc_ohc=-HD17vtLgggAX_x8wtl&_nc_ht=scontent-lcy1-1.cdninstagram.com&edm=AM6HXa8EAAAA&oh=00_AfCoyalnt70nqtIP4P5o5U1BWmx64ZA-gGPKgugL01ko-Q&oe=64021565";"Con vinchas, remeras y cientos de carteles, las y los fans de @camilo corearon sus temas más emblemáticos en la @fnsoloficial 

#FestivalPaís #FiestaNacionalDelSol";2023-02-26 15:07;8867;;8892;;138;2;5;145;;"16.31";;
"3046386780708240077_1417037267";"https://www.instagram.com/reel/CpG8KL4j3rN/";"https://scontent-lcy1-2.cdninstagram.com/v/t51.36329-15/332828225_927418908306658_7756006131960453262_n.jpg?_nc_cat=106&ccb=1-7&_nc_sid=c4dd86&_nc_ohc=v6jdY-42gmQAX9BfqkX&_nc_ht=scontent-lcy1-2.cdninstagram.com&edm=AM6HXa8EAAAA&oh=00_AfBueg0SPCVKHNteX0PISl7CEm42MolTUxxCphPHLeFN1A&oe=64DCE944";"El cuarteto copó San Juan

🎵 Con un largo recorrido en la música cordobesa, que incluye a la mítica Tru-la-lá, Neno y David son hoy las voces de Dale Q’ Va

🎤 En la noche de su presentación en la Fiesta del Sol, los cantantes abrieron las puertas de su camarín para compartir sus expectativas ante de su debut en la gran celebración sanjuanina

🔴 Mirá el show de @daleqva.oficial en la @fnsoloficial en nuestro canal de YouTube

#FestivalPaís #FNS2023 #DaleQVa";2023-02-25 22:24;7145;;6603;;99;1;4;104;;"15.75";;
"3046334521634160924_1417037267";"https://www.instagram.com/reel/CpGwRt1A4Ec/";"https://scontent-lcy1-1.cdninstagram.com/v/t51.36329-15/334031011_2627296007410155_3954221089656299141_n.jpg?_nc_cat=107&ccb=1-7&_nc_sid=c4dd86&_nc_ohc=gsiuyZf4JjUAX_F1q8y&_nc_ht=scontent-lcy1-1.cdninstagram.com&edm=AM6HXa8EAAAA&oh=00_AfCAo51nfuNcKLqObjVRzMJdpT67TsBxn-0oAJqIwFr9VA&oe=64DE2FC7";"Andate a dormir vos

🎵 Veintitantos años de carrera, un paquete de hits que sabemos todos y un público intergeneracional que acompaña siempre hacen de @kapangasok una de las grandes bandas de la escena argentina

🐵 La “orquesta de rock” que tiene al @monokpg como vocalista se presentó en la tercera noche de la Fiesta Nacional del Sol ante una multitud que llenó el Costanera Complejo Ferial de San Juan

🔴 Mirá el show en nuestro canal de Youtube

#FestivalPaís #Kapanga #FNS";2023-02-25 20:33;9465;;8906;;87;1;1;89;;"9.99";;
"3046232874069261359_1417037267";"https://www.instagram.com/reel/CpGZKjKA_wv/";"https://scontent-lcy1-2.cdninstagram.com/v/t51.36329-15/333615457_581017530603129_6355065562395947427_n.jpg?_nc_cat=106&ccb=1-7&_nc_sid=c4dd86&_nc_ohc=CyWqjxiMH-MAX9QMiQF&_nc_ht=scontent-lcy1-2.cdninstagram.com&edm=AM6HXa8EAAAA&oh=00_AfClToCJQF2RskzEvEuQWTM3rfQRwV-vthMHaXGoUxU19w&oe=64DD98E8";"La guerra en Ucrania provoca cambios en la economía global que afectan de maneras distintas tanto a los bandos en conflicto, como al resto de las naciones. Lo que está en juego en el conflicto armado también es una disputa económica por la hegemonía mundial, dice la economista Marisa Duarte. Los desafíos para América Latina y la Argentina.

🔴 Mirá la entrevista completa en nuestro canal de YouTube 

#TVPNoticias";2023-02-25 17:08;9676;;9442;;85;3;0;88;;"9.32";;
"3046121279896709470_1417037267";"https://www.instagram.com/reel/CpF_yo_AGle/";"https://scontent-lcy1-1.cdninstagram.com/v/t51.36329-15/333263417_1269553527279456_7221704403578968497_n.jpg?_nc_cat=111&ccb=1-7&_nc_sid=c4dd86&_nc_ohc=3HPQGoac_osAX-1ahSd&_nc_ht=scontent-lcy1-1.cdninstagram.com&edm=AM6HXa8EAAAA&oh=00_AfDGfgBRteGLNN_TqXWjwHaGauQJyhPJ4KK4dMx2YP1daw&oe=64DDD1D9";"Mientras que en los cuatro escenarios de la Fiesta del Sol suenan los artistas número uno de la escena actual, en el corazón del predio se encuentra el centro gastronómico con ofertas variadas para que los concurrentes puedan disfrutar de los platos típicos de la región.

@majonarvaezq y @facuginestar de @panzallenasj preparan punta de espalda a la leña ¡Conocé todos sus secretos!

#FestivalPaís #fns @fnsoloficial";2023-02-25 13:36;10916;;10310;;181;3;1;185;;"17.94";;
"3045522105325219844_1417037267";"https://www.instagram.com/reel/CpD3jgLgnAE/";"https://scontent-lcy1-2.cdninstagram.com/v/t51.36329-15/332454963_741091154130177_4003070345712684330_n.jpg?_nc_cat=106&ccb=1-7&_nc_sid=c4dd86&_nc_ohc=mAwenITdLuMAX8b7vfG&_nc_ht=scontent-lcy1-2.cdninstagram.com&edm=AM6HXa8EAAAA&oh=00_AfAeCjY1pW-BmlAxgG-5LUZGh2_4crBH96WOcOYWxaKNFg&oe=64DC8B61";"✨ Con más de 40 años sobre los escenarios, @miguelmateosok fue una de las figuras de la @fnsoloficial En exclusiva conversamos con el músico y le preguntamos  acerca de su trayectoria y canciones favoritas ¡Mirá!

#FestivalPaís";2023-02-24 17:39;24218;;23947;;1137;17;40;1194;;"49.86";;
"3045504886709023042_1417037267";"https://www.instagram.com/reel/CpDzo8GAfFC/";"https://scontent-lcy1-1.cdninstagram.com/v/t51.36329-15/332960244_175451725223438_8329873434502043763_n.jpg?_nc_cat=102&ccb=1-7&_nc_sid=c4dd86&_nc_ohc=G2y8Bp3gUQQAX_JHGNy&_nc_ht=scontent-lcy1-1.cdninstagram.com&edm=AM6HXa8EAAAA&oh=00_AfDYRbsjjasWWCL_dSUo2_Eqxe5ej286wdBvyBVGpogslA&oe=64DD84E3";"Aunque la contienda entre Kiev y Moscú no exceda el suelo ucraniano, en ella participan de manera directa o indirecta muchas naciones.

Gabriel Merino brinda claves sobre el enfrentamiento entre Rusia y la OTAN y analiza cómo los coletazos del conflicto armado llegan a América Latina y la Argentina.  La lucha por la hegemonía mundial, en juego.

🔴 Mirá la entrevista completa en nuestro canal de YouTube 

#TVPNoticias";2023-02-24 17:03;9696;;9606;;114;9;5;128;;"13.33";;
"3045479271280934509_1417037267";"https://www.instagram.com/reel/CpDt0L3g_5t/";"https://scontent-lcy1-1.cdninstagram.com/v/t51.36329-15/333998209_874373637010857_6231795570909196381_n.jpg?_nc_cat=104&ccb=1-7&_nc_sid=c4dd86&_nc_ohc=J4VSJV_Cpn8AX_CFFqb&_nc_ht=scontent-lcy1-1.cdninstagram.com&edm=AM6HXa8EAAAA&oh=00_AfCXR0cIzLUJ1OU2KSXprCvT_6VsJBfIKUSiutlZOK6nnw&oe=64DDC979";"Los Tekis + Los Decadentes = fiesta asegurada

👹 En la última noche del @carnavaldelostekis los anfitriones recibieron en el escenario a los @autenticosdecadentes para hacer juntos “Todos nos vamos a morir igual”

👏🏽 Broche de oro para el gran carnaval jujeño que en cada una de sus cuatro noches colmó el predio Ciudad Cultural de San Salvador

#FestivalPaís #CarnavalDeLosTekis #LosTekis #AutenticosDecadentes";2023-02-24 16:17;15896;;15474;;169;2;0;171;;"11.05";;
"3045452236080564210_1417037267";"https://www.instagram.com/reel/CpDnqxYAEfy/";"https://scontent-lcy1-1.cdninstagram.com/v/t51.36329-15/333309441_1415068312561405_7693919370225170293_n.jpg?_nc_cat=111&ccb=1-7&_nc_sid=c4dd86&_nc_ohc=dw9_TbMdU1gAX8M6X5Y&_nc_ht=scontent-lcy1-1.cdninstagram.com&edm=AM6HXa8EAAAA&oh=00_AfAU8qgaXf3fZekOjfG0YSMwvnfbkOTkns_Mcn5phCcyKQ&oe=64DD5EC7";"De la cabeza con Los Tekis

🎩 Los gorros y sombreros son accesorios clave en los días de fiesta del @carnavaldelostekis. Desde los clásicos honguitos jujeños hasta los cuernos de diablo, todo sirve a la hora de completar un buen look carnavalero

🤔 1, 2, 3, 4 o 5? Con cuál te quedás para una buena noche de fiesta?

#FestivalPaís #LosTekis #CarnavalDeLosTekis";2023-02-24 15:18;5951;;6004;;75;2;1;78;;"12.99";;
"3045325574156322136_1417037267";"https://www.instagram.com/reel/CpDK3mRAAVY/";"https://scontent-lcy1-1.cdninstagram.com/v/t51.36329-15/332790200_1996093754071312_6695333598941645197_n.jpg?_nc_cat=103&ccb=1-7&_nc_sid=c4dd86&_nc_ohc=fEs7UBsey7EAX8uve1v&_nc_ht=scontent-lcy1-1.cdninstagram.com&edm=AM6HXa8EAAAA&oh=00_AfA1yywZIOouKETuSHqAMcuNAiXksDpNEj93IWl4TyB9qg&oe=64DD686B";"Si el vino viene, viene la vida

🍇 San Juan es famosa por su rica industria vitivinícola. Las mejores uvas de la provincia salen del Valle de Pedernal; su gran amplitud térmica, la altitud superior a los 1400 metros y el suelo calcáreo hacen de la zona un lugar ideal para el cultivo de la vid 

🍷 En el departamento de Rivadavia, Valle del Tulum, la @bodegamerceddelestero produce tres variedades de vino. @noelismc abre las tranqueras para mostrar desde adentro cómo funciona una bodega sanjuanina 

#FestivalPaís #SanJuan #FiestaDelSol #Vino";2023-02-24 12:42;6826;;6666;;82;4;5;91;;"13.65";;
"3044869043594178180_1417037267";"https://www.instagram.com/reel/CpBjENDA66E/";"https://scontent-lcy1-1.cdninstagram.com/v/t51.36329-15/333858656_2306712296156906_3266916512681862199_n.jpg?_nc_cat=111&ccb=1-7&_nc_sid=c4dd86&_nc_ohc=G_DceXjVJbUAX_X8gf8&_nc_ht=scontent-lcy1-1.cdninstagram.com&edm=AM6HXa8EAAAA&oh=00_AfBYRYtqRSLU7x79m33ejhcua-aSc_quobQp-BftCC6F1g&oe=64DD22FA";"#FestivalPaís viajó a @visitjujuy para conocer cómo se vive el @carnavaldelostekis. @elcoppa te muestra la gran celebración jujeña desde el Jueves de Comadres hasta el último día del Carnavalódromo.

🔴 Podés ver el vídeo completo en nuestro canal de Youtube

📸 Foto portada: @camirezk";2023-02-23 20:03;9213;;8963;;115;0;2;117;;"13.05";;
"3044729042717674517_1417037267";"https://www.instagram.com/reel/CpBDO7EgIwV/";"https://scontent-lcy1-1.cdninstagram.com/v/t51.36329-15/332688765_513599760944895_7401794598600430479_n.jpg?_nc_cat=101&ccb=1-7&_nc_sid=c4dd86&_nc_ohc=0fDjqYYQd3kAX9p2AC0&_nc_ht=scontent-lcy1-1.cdninstagram.com&edm=AM6HXa8EAAAA&oh=00_AfChJRydJ-5tG1qZycd091Def4cu2b3mIL_s3j_xbZJHTw&oe=64DCCE43";"En el Departamento de Rivadavia, al pie del cerro Parkinson, se encuentra el @somosanchipurac, un espacio educativo donde la sustentabilidad es un juego y un compromiso ¡Vení a conocerlo!";2023-02-23 15:21;6102;;5899;;73;4;1;78;;"13.22";;
"3044169305744639453_1417037267";"https://www.instagram.com/reel/Co_D9rZDoXd/";"https://scontent-lcy1-1.cdninstagram.com/v/t51.36329-15/334552016_503751195290757_3721053645343165235_n.jpg?_nc_cat=104&ccb=1-7&_nc_sid=c4dd86&_nc_ohc=C8Rz7pOLXs0AX-Dl7Y4&_nc_ht=scontent-lcy1-1.cdninstagram.com&edm=AM6HXa8EAAAA&oh=00_AfCwY5NetWHSGEf0mh7QCcPGvlzB1bC5QK57ZOlNq8bXww&oe=64DD1710";"Voy a hacer un carnaval

🎵 En cada una de las cuatro noches del @carnavaldelostekis, los anfitriones se presentan ante la multitud que llena el predio Ciudad Cultural de Jujuy

👹 En un show que incluye artistas circenses, acróbatas voladores, fuego y proyecciones, @lostekisoficial despliegan un repertorio variado que incluye desde ritmos bien norteños y carnavaleros hasta canciones más sosegadas que crean climas íntimos

#FestivalPaís #LosTekis #CarnavalDeLosTekis";2023-02-22 21:15;5224;;4785;;96;4;1;101;;"21.11";;
"3044024340153768360_1417037267";"https://www.instagram.com/reel/Co-jAJqghmo/";"https://scontent-lcy1-1.cdninstagram.com/v/t51.36329-15/332903453_739710620846155_1277139883419581039_n.jpg?_nc_cat=101&ccb=1-7&_nc_sid=c4dd86&_nc_ohc=xrswN9rxhzsAX92SBHo&_nc_ht=scontent-lcy1-1.cdninstagram.com&edm=AM6HXa8EAAAA&oh=00_AfCLZhyGvQYOlHfMVuP_6Gf0BaJ_4aWybYulQMdom5AoPw&oe=64DCF65A";"Vladimir Putin, presidente de Rusia, y su homónimo estadounidense, Joe Biden, cruzaron acusaciones sobre la guerra que está por cumplir un año en territorio ucraniano. 
El mandatario ruso, durante su discurso del Estado de la Nación ante el Parlamento, acusó a Occidente de ser los responsables del conflicto. 
Horas más tarde, lejos de bajar la tensión, el líder demócrata aprovechó para contestar desde Polonia. Declaró que la OTAN “está más unida que nunca”, que respalda a Ucrania y que no dejarán que Rusia gane.";2023-02-22 16:00;18926;;18571;;239;13;32;284;;"15.29";;
"3043991386639683888_1417037267";"https://www.instagram.com/reel/Co-bgnUAdEw/";"https://scontent-lcy1-1.cdninstagram.com/v/t51.36329-15/334207246_756421672869415_9207203843390661698_n.jpg?_nc_cat=111&ccb=1-7&_nc_sid=c4dd86&_nc_ohc=c2sSe7uOGcgAX82VrOA&_nc_ht=scontent-lcy1-1.cdninstagram.com&edm=AM6HXa8EAAAA&oh=00_AfA35E73nBdteVFlOzfU7evkJHN61_hVOvJQHsMkQAxHBw&oe=64DE3FB4";"Panza llena, corazón contento

🌭 Típico del @carnavaldelostekis es probar una bondiola, unas papas o un pancho al paso. Pero hay también quienes eligen el shawarma o la humita

👹 Recorrimos el predio Ciudad Cultural de Jujuy para saber qué se come y qué se bebe en las cuatro noches carnavaleras 

#FestivalPaís #LosTekis #CarnavalDeLosTekis";2023-02-22 15:18;6128;;6226;;80;1;0;81;;"13.01";;
"3042736153397759805_1417037267";"https://www.instagram.com/reel/Co5-GkQgw89/";"https://scontent-lcy1-2.cdninstagram.com/v/t51.36329-15/333289173_1167364490611806_1854394944726559544_n.jpg?_nc_cat=110&ccb=1-7&_nc_sid=c4dd86&_nc_ohc=F6JGOZM4_48AX9BAYax&_nc_ht=scontent-lcy1-2.cdninstagram.com&edm=AM6HXa8EAAAA&oh=00_AfDvTjbzu-8ATTs2WpwgNiQieVs3cHmuMFLLIeVD2zuQdA&oe=64DD5184";"El Desentierro del Diablo desde adentro

👹 Como todos los años @lostekisoficial y la comparsa No Somos Nada convocaron a familia y amigos para compartir la tradicional ceremonia que da inicio al carnaval

🎉  @elcoppa se sumó a los festejos y acompañó a la caravana desde la quinta donde se hizo el desentierro íntimo hasta el Carnavalódromo del predio Ciudad Cultural que congregó a miles de personas para dar inicio al @carnavaldelostekis 

🔴  Mirá el vlog completo en nuestro canal de YouTube 

#FestivalPaís #LosTekis #CarnavalDeLosTekis";2023-02-20 21:27;13516;;12598;;321;15;7;343;;"27.23";;
"3042701030581304112_1417037267";"https://www.instagram.com/reel/Co52Hdlg3sw/";"https://scontent-lcy1-1.cdninstagram.com/v/t51.36329-15/334209215_741654850959478_2324796691548990268_n.jpg?_nc_cat=109&ccb=1-7&_nc_sid=c4dd86&_nc_ohc=KMDX3GjTUyoAX9Da_Hx&_nc_ht=scontent-lcy1-1.cdninstagram.com&edm=AM6HXa8EAAAA&oh=00_AfCjFbuuCV5d5vMgHA25LOrLxZ-qwgIpmJ6XGQEvTLdGrA&oe=64DC9C96";"La fiesta del @carnavaldelostekis tiene muchos momentos para disfrutar. @elcoppa quiso ser parte de la increíble fiesta que se da, cada tarde, en el #carnavalodromo de la ciudad cultural. ¿Te gustaría vivir esta experiencia carnavalera?";2023-02-20 20:24;10026;;10109;;197;5;3;205;;"20.28";;
"3041953633886511865_1417037267";"https://www.instagram.com/reel/Co3MLaLA6L5/";"https://scontent-lcy1-1.cdninstagram.com/v/t51.36329-15/334166205_739795720838433_812773713466600324_n.jpg?_nc_cat=103&ccb=1-7&_nc_sid=c4dd86&_nc_ohc=23SkLqP70EEAX-lTkeI&_nc_ht=scontent-lcy1-1.cdninstagram.com&edm=AM6HXa8EAAAA&oh=00_AfAqeyp40N2-PA5LX8_0xyrnQN36bvrAeosNj8rGs5P74w&oe=64DD0F95";"En @chayalr_ se rindió homenaje a Mayela Gordillo, vidalera y defensora de los derechos de las mujeres. Con su caja, y desde el Sindicato de Empleadas Domésticas, denunció la violencia, los abusos y logró poner sobre los escenarios un reclamo que era silenciado.

Reviví La Chaya en tvpublica.com.ar junto a #FestivalPaís";2023-02-19 19:32;15651;;15005;;293;9;18;320;;"21.33";;
"3041742264561915079_1417037267";"https://www.instagram.com/reel/Co2cHlJgVTH/";"https://scontent-lcy1-1.cdninstagram.com/v/t51.36329-15/333687291_3504058029842713_5696431454348931815_n.jpg?_nc_cat=104&ccb=1-7&_nc_sid=c4dd86&_nc_ohc=1uYDxd-r6qYAX-XjoZf&_nc_ht=scontent-lcy1-1.cdninstagram.com&edm=AM6HXa8EAAAA&oh=00_AfCdgnby6mNtC5qAvUCpXNt2N8OzqNAKF4abbhpqZyBD1Q&oe=64DE36C9";"En nuestro país rige la Ley 26.281, pero ¿Sabes sobre qué se trata y cuáles son sus alcances? Mariana Sanmartino y Carolina Carrillo de @hablamosdechagas nos lo cuentan 😉

🔴 Mirá Abro Hilo con @sol_despeinada y @jmcafferata todos los martes, a las 20:00, en el Twitch de TV Pública, @tec.ciencia.ar y en nuestro canal de YouTube.";2023-02-19 12:27;9215;;8995;;109;5;0;114;;"12.67";;
"3041303444372839987_1417037267";"https://www.instagram.com/reel/Co04V6AA94z/";"https://scontent-lcy1-1.cdninstagram.com/v/t51.36329-15/331566295_539157671398743_929651798888827532_n.jpg?_nc_cat=107&ccb=1-7&_nc_sid=c4dd86&_nc_ohc=bwtpZMOrlPMAX9_H5eU&_nc_ht=scontent-lcy1-1.cdninstagram.com&edm=AM6HXa8EAAAA&oh=00_AfDINEENmgxVGkpK8NNn-8P-q7oIyVUf4FtYkU2ipEEMgg&oe=64DD7A05";"😱 ¡Pánico y amor en el ascensor! 🥰 Elegí tu propia aventura con Anga 

⚡️Los jueves a las 20:00 @taniawed y @marianoanga hacen #HolaPaís. En vivo, en Twitch y en YouTube.";2023-02-18 21:54;17877;;16703;;176;5;7;188;;"11.26";;
"3041219299780984173_1417037267";"https://www.instagram.com/reel/Co0lNcPgf1t/";"https://scontent-lcy1-2.cdninstagram.com/v/t51.36329-15/332984383_213523757998347_5579684045895051908_n.jpg?_nc_cat=110&ccb=1-7&_nc_sid=c4dd86&_nc_ohc=o0-1oT6GfPgAX8uN9J6&_nc_ht=scontent-lcy1-2.cdninstagram.com&edm=AM6HXa8EAAAA&oh=00_AfDv5JOFtT1pkqFdJfdnXi9ILwEIoEuOEVKsbUirxLoKkA&oe=64DDC867";"El @carnavaldelostekis arrancó con todo

🎵 @rip.dillom, @bersuitok, la Delio Valdez y @lostekisoficial, anfitriones de la fiesta, armaron una gran primera noche en el predio Ciudad Cultural de Jujuy

🔴 Deade las 22:00 mirá las próximas jornadas del Carnaval de Los Tekis en vivo en tvpublica.com.ar

#FestivalPaís #CarnavalDeLosTekis

📷 Foto portada @m_agustina_rios";2023-02-18 19:22;10223;;10358;;132;4;3;139;;"13.42";;
"3041191482032800603_1417037267";"https://www.instagram.com/reel/Co0e4o8gkNb/";"https://scontent-lcy1-1.cdninstagram.com/v/t51.36329-15/334062731_864397184627244_8743608258192010456_n.jpg?_nc_cat=109&ccb=1-7&_nc_sid=c4dd86&_nc_ohc=45UgAEcmM0oAX9HiTPv&_nc_ht=scontent-lcy1-1.cdninstagram.com&edm=AM6HXa8EAAAA&oh=00_AfBw6LBlDRXHbtHPpeKNQVbXMfZudlzo4ieN24uBVOK_0w&oe=64DC869B";"Una cancioncita más 

👹 La Delio llegó a Jujuy para carnavalear a lo grande. Por segundo año consecutivo la banda de Buenos Aires puso a bailar a todo el predio Ciudad Cultural en la primera noche de fiesta

🎵 @elcoppa les acompañó a la prueba de sonido y se metió en los camarines antes del show para mostrarte desde adentro la experiencia de la @orquestadeliovaldez en el @carnavaldelostekis 

#FestivalPaís #CarnavalDeLosTekis #LaDelioValdez

📷 Foto portada @camirezk";2023-02-18 18:44;9127;;9285;;121;0;4;125;;"13.46";;
"3041200721094590648_1417037267";"https://www.instagram.com/reel/Co0g_FfgUC4/";"https://scontent-lcy1-1.cdninstagram.com/v/t51.36329-15/332215077_905059330636907_2300118558342669126_n.jpg?_nc_cat=104&ccb=1-7&_nc_sid=c4dd86&_nc_ohc=bMTydlRYevUAX_-bSAf&_nc_ht=scontent-lcy1-1.cdninstagram.com&edm=AM6HXa8EAAAA&oh=00_AfALRiNrkpc5ybXyxS6ViqV8HXTQsuUKla_xTJ8Jg6povQ&oe=64DD286F";"✨ ¡Febrero es sinónimo de Chaya y Carnaval!

🐓 @sergiogalleguillooficial es uno de los máximos representantes de la Chaya. A través de sus canciones, la harina en el viento y el aroma del albahaca llegan a todo el país. 

💕 Reviví su show en tvpublica.com.ar junto a #FestivalPaís

@chayalr_";2023-02-18 18:32;10234;;10048;;86;2;2;90;;"8.96";;
"3040498964433626717_1417037267";"https://www.instagram.com/reel/CoyBbLrAmZd/";"https://scontent-lcy1-2.cdninstagram.com/v/t51.36329-15/331468699_1037674727189972_6423989029812586296_n.jpg?_nc_cat=105&ccb=1-7&_nc_sid=c4dd86&_nc_ohc=lDTBCs95blIAX99ClnC&_nc_ht=scontent-lcy1-2.cdninstagram.com&edm=AM6HXa8EAAAA&oh=00_AfB8_QqhekI19dXupVwVzbNljf1uZBePbuBWZXKPZwSTUA&oe=64DC80BE";"¡Comienzan los festejos en San Salvador de Jujuy! 

Cada año, las mujeres celebran el #JuevesDeComadres. Unidas por el comadrazgo, madres, tías, amigas, hermanas y primas se reúnen en forma de complicidad, revalorizan los lazos, comparten vivencias y se agasajan mutuamente.

Mira #FestivalPaís en tvpublica.com.ar";2023-02-17 19:16;8792;;8703;;183;3;0;186;;"21.37";;
"3040434806346411395_1417037267";"https://www.instagram.com/reel/Coxy1jzAu2D/";"https://scontent-lcy1-1.cdninstagram.com/v/t51.36329-15/331366382_1205769133375411_8358469413382883634_n.jpg?_nc_cat=100&ccb=1-7&_nc_sid=c4dd86&_nc_ohc=EDdt2Rkb74YAX8RaoHZ&_nc_oc=AQkEky9mjDvOeO_ykEatx0P5SNuzE9Z2E4cDqVVfhWiqp2Aeo7ZoeicgT-5Hd7t6XKo&_nc_ht=scontent-lcy1-1.cdninstagram.com&edm=AM6HXa8EAAAA&oh=00_AfCFukRHAAzi20IM9FKGaNaoiPO0A3BSasscrdilPE4PvA&oe=64DD9FAE";"Denuncian hechos de extrema violencia en Perú

La Misión de Solidaridad Internacional y Derechos Humanos de Argentina @misionddhh que viajó a Perú definió como “crímenes de lesa humanidad” las acciones represivas del gobierno peruano contra las protestas sociales. La misión, integrada por organizaciones y dos diputados nacionales, denuncia asesinatos, detenciones arbitrarias, abusos sexuales, torturas, persecución judicial, intimidación y amenazas contra la población.

Los testimonios compartidos fueron recogidos por dicha misión.";2023-02-17 17:08;9425;;9495;;173;5;4;182;;"19.17";;
"3040181264754751160_1417037267";"https://www.instagram.com/reel/Cow5MCygTa4/";"https://scontent-lcy1-1.cdninstagram.com/v/t51.36329-15/331545536_5687693524673528_8083376511086978629_n.jpg?_nc_cat=111&ccb=1-7&_nc_sid=c4dd86&_nc_ohc=ZbLi0XuedQgAX-uG7ae&_nc_ht=scontent-lcy1-1.cdninstagram.com&edm=AM6HXa8EAAAA&oh=00_AfBeKn2yQAXrCip_P8ERdzqa1GidsMjP2cNz8KR99IRjjw&oe=64DDF815";"🦟 Al Dengue lo combatimos en conjunto... ¿Tu manzana es saludable?

✨ En #AbroHilo nos visitó Sylvia Fischer de @gem_fcen para conversar acerca de los mosquitos y de cómo prevenir el Dengue.

🔴 Mirá Abro Hilo con @sol_despeinada y @jmcafferata todos los martes, a las 20:00, en el Twitch de TV Pública, @tec.ciencia.ar y en nuestro canal de YouTube.";2023-02-17 08:45;5318;;5422;;44;0;1;45;;"8.3";;
"3039667705708943745_1417037267";"https://www.instagram.com/reel/CovEaxqAhmB/";"https://scontent-lcy1-1.cdninstagram.com/v/t51.36329-15/331149163_522106766699840_7419897845683029157_n.jpg?_nc_cat=107&ccb=1-7&_nc_sid=c4dd86&_nc_ohc=epOmvCTXlxAAX9DNWqN&_nc_ht=scontent-lcy1-1.cdninstagram.com&edm=AM6HXa8EAAAA&oh=00_AfDBOG3o_9iPyv8UqPjzHFoog1iqvoGfFiXQ3ejbUtyQrg&oe=64DDBCF9";"¿Alguna vez te preguntaste qué pasa con la comida que va a la basura?

El desperdicio de alimentos se da en el proceso de selección luego de la cosecha, en los supermercados y en los hogares. 

Se calcula que solo en Argentina se pierden 123 mil toneladas al año.";2023-02-16 15:45;12845;;13332;;173;19;10;202;;"15.15";;
"3039566722362306140_1417037267";"https://www.instagram.com/reel/CoutdRlgO5c/";"https://scontent-lcy1-1.cdninstagram.com/v/t51.36329-15/331313660_5897673430288609_1667531372475219446_n.jpg?_nc_cat=107&ccb=1-7&_nc_sid=c4dd86&_nc_ohc=NVbHx6WmDVMAX_GbZkP&_nc_ht=scontent-lcy1-1.cdninstagram.com&edm=AM6HXa8EAAAA&oh=00_AfBCMeewQK2MGaOp72Y-qWRY0pBtDapivLwCX6qKRql9rw&oe=64DD288F";"Peñarol es un modo de vida... Gallina no lo entenderías

⚡️Los jueves a las 20:00 @taniawed y @marianoanga hacen #HolaPaís. En vivo, en Twitch y en YouTube.";2023-02-16 12:31;9919;;9412;;112;6;6;124;;"13.17";;
"3039150525997916078_1417037267";"https://www.instagram.com/reel/CotO00hDB-u/";"https://scontent-lcy1-1.cdninstagram.com/v/t51.36329-15/331603575_1139200956717948_3068580799497540783_n.jpg?_nc_cat=104&ccb=1-7&_nc_sid=c4dd86&_nc_ohc=uIeBW_6GDxoAX91thxX&_nc_ht=scontent-lcy1-1.cdninstagram.com&edm=AM6HXa8EAAAA&oh=00_AfCrGYcCACVVQH6qYDD9ph5C02y1lbjk7Mpm-VOAiWhdeg&oe=64DC7378";"“Esto es hiphop, es unión, paz, amor, es diversión. Acá somos todos hermanos porque sin todos no somos nadie”

⚡️ @trueno, “Tierra zanta” y un mensaje de fraternidad en el Festival de Villa María

#FestivalPaís #VillaMaría #Trueno";2023-02-15 22:38;9715;;9840;;226;14;7;247;;"25.1";;
"3039048952713342385_1417037267";"https://www.instagram.com/reel/Cos3uvBgG2x/";"https://scontent-lcy1-1.cdninstagram.com/v/t51.36329-15/331107376_524980776195173_3436238702178095112_n.jpg?_nc_cat=103&ccb=1-7&_nc_sid=c4dd86&_nc_ohc=c6AS39AxgCMAX-fSeu4&_nc_ht=scontent-lcy1-1.cdninstagram.com&edm=AM6HXa8EAAAA&oh=00_AfDqBfaPa9SSmhOucW02QpRickNc2fSR6UWUihFZDPYMhg&oe=64DD0752";"“El carnaval y la chaya sin vidala no es carnaval”

Mayela Gordillo es sinónimo de chaya, lucha y perseverancia. Recorremos su chaya para ser parte de una verdadera fiesta donde la harina, la albahaca y la vidala son protagonistas ¡Mirá! 

#FestivalPais";2023-02-15 19:17;3876;;3708;;65;0;1;66;;"17.8";;
"3038886739834985636_1417037267";"https://www.instagram.com/reel/CosS2Ogglyk/";"https://scontent-lcy1-1.cdninstagram.com/v/t51.36329-15/330798216_753874012598071_4497301905344684766_n.jpg?_nc_cat=108&ccb=1-7&_nc_sid=c4dd86&_nc_ohc=6Jr5gDqOCK0AX_xQBu0&_nc_ht=scontent-lcy1-1.cdninstagram.com&edm=AM6HXa8EAAAA&oh=00_AfBZqTi9Ek8lE4tq7BCywCnFGvxtq0asvuAU7SgWLGMBDw&oe=64DCEC23";"Nació como un reggaetón de @luckra y en manos de @lakongaoficial se convirtió en un cuartetazo. Así sonó “Te mentiría” en la Fiesta de la Playa de Concepción del Uruguay en la voz de @tamagninipablo 

#FestivalPaís #FiestaDeLaPlaya #LaKonga";2023-02-15 14:21;44019;;44237;;155;7;4;166;;"3.75";;
"3038886517293597606_1417037267";"https://www.instagram.com/reel/CosSy_QAkOm/";"https://scontent-lcy1-2.cdninstagram.com/v/t51.36329-15/331050873_560457642710014_4300606545299588427_n.jpg?_nc_cat=105&ccb=1-7&_nc_sid=c4dd86&_nc_ohc=BXHJkeStSQoAX_K12Sq&_nc_ht=scontent-lcy1-2.cdninstagram.com&edm=AM6HXa8EAAAA&oh=00_AfBM_lULahbx5OhVJNoqCnqDQ5C6TCGgPlsZW4XlvLx5rg&oe=64DCC0D6";"¡Carrera ajedrecística entre Juan Cruz Arias y Faustino Oro!

El maestro FIDE fueguino se enfrentó al número 1 del mundo en categoría sub 10. Mirá cómo terminó la carrera.

Los lunes a las 20:00 @flor.fdz, @juliandoregger y Lucho Ciruzzi encienden #Ag3 en nuestros canales Twitch y YouTube.";2023-02-15 14:09;4952;;5127;;47;2;0;49;;"9.56";;
"3038407714716891804_1417037267";"https://www.instagram.com/reel/Coql7fmgbqc/";"https://scontent-lcy1-1.cdninstagram.com/v/t51.36329-15/331099325_858364688797504_4138110426296331227_n.jpg?_nc_cat=111&ccb=1-7&_nc_sid=c4dd86&_nc_ohc=zvK0AQKUDccAX8-iPoO&_nc_ht=scontent-lcy1-1.cdninstagram.com&edm=AM6HXa8EAAAA&oh=00_AfCSPWbWbH7DMie3v_f6xypywPdElBT3doEmGc2-wR594Q&oe=64DC6C82";"💕 El amor es así, aparece de imprevisto y en cualquier transporte... 
Acaso, ¿Esto es el inicio de una relación?

⚡️Los jueves a las 20:00 @taniawed y @marianoanga hacen #HolaPaís. En vivo, en Twitch y en YouTube.";2023-02-14 22:01;21442;;21904;;141;5;1;147;;"6.71";;
"3038195672668071966_1417037267";"https://www.instagram.com/reel/Cop1t4Dgmge/";"https://scontent-lcy1-2.cdninstagram.com/v/t51.36329-15/331867820_984076399223961_4655502597548804769_n.jpg?_nc_cat=105&ccb=1-7&_nc_sid=c4dd86&_nc_ohc=FVRIYbig6I4AX-CdFZ7&_nc_ht=scontent-lcy1-2.cdninstagram.com&edm=AM6HXa8EAAAA&oh=00_AfDT2M-o7nn-QD2otvpPdCymFx31MmhRUmg5cMZhGcfcWg&oe=64DCAF2B";"¡La Chaya es alegría! Por segundo año consecutivo, @kariprinceoficial se presentó en La Rioja ❤️🌿 Reviví su show en tvpublica.com.ar con #FestivalPaís

@chayalr_";2023-02-14 15:00;137954;;138001;;275;15;5;295;;"2.14";;
"3037614152827917357_1417037267";"https://www.instagram.com/reel/ConxfpgAdQt/";"https://scontent-lcy1-1.cdninstagram.com/v/t51.36329-15/331106558_221379340292934_1569196996776915093_n.jpg?_nc_cat=111&ccb=1-7&_nc_sid=c4dd86&_nc_ohc=4K0r5snswlYAX8YOlB_&_nc_ht=scontent-lcy1-1.cdninstagram.com&edm=AM6HXa8EAAAA&oh=00_AfBlpsMvI7Dtiqhbw7tmEM6eJ0uBoYNf47GVCtGYH6jcCQ&oe=64DD137A";"🌿Ay carnaval de febrero, quiero robarle algún beso

Con el torrente de su voz, la Bruja Salguero rindió homenaje a la fiesta chayera. La cantora protagonizó la tercera noche del carnaval riojano.

Viví #FestivalPaís en www.tvpublica.com.ar";2023-02-13 19:45;10829;;10435;;175;7;5;187;;"17.92";;
"3037332111880170671_1417037267";"https://www.instagram.com/reel/ComxXaZgSyv/";"https://scontent-lcy1-1.cdninstagram.com/v/t51.36329-15/331869150_108477312175244_766816019125063781_n.jpg?_nc_cat=102&ccb=1-7&_nc_sid=c4dd86&_nc_ohc=iWEmSg0bMJYAX_DoioS&_nc_ht=scontent-lcy1-1.cdninstagram.com&edm=AM6HXa8EAAAA&oh=00_AfBD2PUFyc5aTHO9DTqthFX8_HoarOY7-rnwDQpbFpqYtw&oe=64DE0293";"¡Reir y bailar, vivir y chayar! Hay olor a albahaca en La Rioja, porque @loslegalesoficial cantan “Cantar y Chayar” en la Fiesta Nacional de la Chaya 2023 @chayalr_

Disfrutá de #FestivalPaís en tvpublica.com.ar";2023-02-13 10:24;13257;;12530;;96;6;6;108;;"8.62";;
"3036939087366880290_1417037267";"https://www.instagram.com/reel/ColYAJzAHwi/";"https://scontent-lcy1-2.cdninstagram.com/v/t51.36329-15/331782003_1243526643241275_2036973034246864634_n.jpg?_nc_cat=106&ccb=1-7&_nc_sid=c4dd86&_nc_ohc=bNl_hs7XTdoAX8kL9IU&_nc_ht=scontent-lcy1-2.cdninstagram.com&edm=AM6HXa8EAAAA&oh=00_AfBnPdSnt9V0RIP9Q9AOnj6ypuL-TDJRa1-4uBlmXgnCzQ&oe=64DCD5E9";"Harina, albahaca, glitter y plumas. 

@lalioficial llegó a la Fiesta Nacional de La Chaya y el pop se llevó todas las miradas de la primera noche del carnaval riojano.

Viví #FestivalPaís en www.tvpublica.com.ar";2023-02-12 21:26;8546;;8138;;123;2;2;127;;"15.61";;
"3036810240386496219_1417037267";"https://www.instagram.com/reel/Cok6tLsgXbb/";"https://scontent-lcy1-1.cdninstagram.com/v/t51.36329-15/330052736_5831452286930972_6394945800861873995_n.jpg?_nc_cat=104&ccb=1-7&_nc_sid=c4dd86&_nc_ohc=WYL83d8KQDkAX-qymrz&_nc_ht=scontent-lcy1-1.cdninstagram.com&edm=AM6HXa8EAAAA&oh=00_AfCke4BSYoDGwjuGguq-Xwdv6Ef4N0SeUVVjDfBN6OnYWA&oe=64DE0C27";"Madrid se movilizó en defensa de la salud pública. Décima semana de protesta. El personal de la salud reclama aumento del presupuesto y denuncia que el gobierno de Isabel Díaz Ayuso (Partido Popular) está desmantelando el sistema estatal de sanidad.

Testimonios de médicos/as del personal de salud y el diputado de Más País @ierrejon";2023-02-12 17:07;23162;;22436;;459;14;12;485;;"21.62";;
"3035410371923014835_1417037267";"https://www.instagram.com/reel/Cof8aamAfSz/";"https://scontent-lcy1-1.cdninstagram.com/v/t51.36329-15/331568986_507404734892752_6367223909497899692_n.jpg?_nc_cat=111&ccb=1-7&_nc_sid=c4dd86&_nc_ohc=4mHTU586mw4AX8piVmv&_nc_ht=scontent-lcy1-1.cdninstagram.com&edm=AM6HXa8EAAAA&oh=00_AfCFLylzEjPW6KDPCADjk7kjU-3fWJMYNrVyINE0ku_zGQ&oe=64DC79CD";"¡Se vuelve a encender el stream de Televisión Pública! Tania y Mariano indagan sobre el escándalo del momento: el Fede Bal Gate, una ruptura amorosa que tiene todos los condimentos: legos rotos, chats prohibidos y lavarropas que detectan infidelidades.

⚡️Los jueves a las 20:00 @taniawed y @marianoanga hacen #HolaPaís. En vivo, en Twitch y en YouTube.";2023-02-10 18:46;19734;;18733;;229;10;13;252;;"13.45";;
"3035316495128253231_1417037267";"https://www.instagram.com/reel/CofnEVBANMv/";"https://scontent-lcy1-2.cdninstagram.com/v/t51.36329-15/329767988_867187901023676_6728067062134099063_n.jpg?_nc_cat=106&ccb=1-7&_nc_sid=c4dd86&_nc_ohc=KW1_KRIW00cAX_qgp4X&_nc_ht=scontent-lcy1-2.cdninstagram.com&edm=AM6HXa8EAAAA&oh=00_AfCXmh32t4VDBbtVcv5-eAJwYKGlqvGk2IO8tmxeQIZPRw&oe=64DD2625";"🎶 “Ey paisano, ¿Que pasó?” canta @ralyoficial en el escenario Atahualpa Yupanqui del Festival Nacional de Folklore de Cosquín. Reviví su show con #FestivalPaís en tvpublica.com.ar";2023-02-10 15:40;25094;;25292;;852;24;15;891;;"35.23";;
"3035227118016425634_1417037267";"https://www.instagram.com/reel/CofSvuGAG6i/";"https://scontent-lcy1-1.cdninstagram.com/v/t51.36329-15/329639486_1464900874036025_8156515763611693865_n.jpg?_nc_cat=108&ccb=1-7&_nc_sid=c4dd86&_nc_ohc=IDWQ8aX3Ru8AX_uwJKe&_nc_ht=scontent-lcy1-1.cdninstagram.com&edm=AM6HXa8EAAAA&oh=00_AfB4ODCr-JPnrVUfzSFfNmOgtDNBlHAe6bu3cHuyOq32vg&oe=64DDDB77";"El calendario electoral 2023 tiene fecha de estreno este domingo. La Pampa celebra las PASO. 

Aún quedan provincias que no han definido sus fechas de elecciones. Se espera que las primarias nacionales sean el 13 de agosto y las presidenciales el 22 de octubre.";2023-02-10 12:42;7566;;7499;;58;0;3;61;;"8.13";;
"3034541654901139137_1417037267";"https://www.instagram.com/reel/Coc2460gibB/";"https://scontent-lcy1-1.cdninstagram.com/v/t51.36329-15/329765664_186056007369478_5184123878467874119_n.jpg?_nc_cat=103&ccb=1-7&_nc_sid=c4dd86&_nc_ohc=EiaCmVISWgQAX9mVLcj&_nc_ht=scontent-lcy1-1.cdninstagram.com&edm=AM6HXa8EAAAA&oh=00_AfBC_pP5e5n1wwTUFzXTXYk1_XuHG4PSZ5aL92rIQB1WOg&oe=64DC879D";"❤️‍🩹 Mentiroso, corazón mentiroso ❤️‍🩹
🙋‍♀️ ¡Levante la mano quien sabe de memoria esta canción!

@kariprinceoficial se presentó en el @festivaldelasalamanca y puso a bailar a todo el público presente pero también a quienes disfrutan de #FestivalPaís en toda la Argentina. Reviví su show en tvpublica.com.ar";2023-02-09 14:00;6004;;5948;;123;2;1;126;;"21.18";;
"3034459763145655184_1417037267";"https://www.instagram.com/reel/CockRPLg0OQ/";"https://scontent-lcy1-1.cdninstagram.com/v/t51.36329-15/329795566_1307993196478473_4619441779370477717_n.jpg?_nc_cat=109&ccb=1-7&_nc_sid=c4dd86&_nc_ohc=YTkwho9N7WYAX9gOPaB&_nc_ht=scontent-lcy1-1.cdninstagram.com&edm=AM6HXa8EAAAA&oh=00_AfBOdjSYhueeybZnqbtmyA0NilETR7NAme5EHLQ_E57blA&oe=64DD4E9E";"En #Ag3 buscamos abrir el mundo del #Ajedrez a todos y todas, por eso te enseñamos algunas claves para mejorar tu juego. 

Todos los lunes 20.00 #Ag3 en las plataformas digitales.";2023-02-09 12:08;9182;;9151;;122;15;3;140;;"15.3";;
"3034017698586723096_1417037267";"https://www.instagram.com/reel/Coa_wWegoMY/";"https://scontent-lcy1-2.cdninstagram.com/v/t51.36329-15/339969581_1240011289948607_1137823035388726588_n.jpg?_nc_cat=105&ccb=1-7&_nc_sid=c4dd86&_nc_ohc=Z_TnRbr8Tj8AX8QBasx&_nc_ht=scontent-lcy1-2.cdninstagram.com&edm=AM6HXa8EAAAA&oh=00_AfCvKYsVyzHAbPVf1-0Uh4SJDIphJgcV36eJ6-3hu1pFvA&oe=64DCECB5";"¡Ciao Italia! Los cannoli son un dulce de masa frita típico de la región de Sicilia. 

Aprendé el paso a paso de la receta junto a Monica Jakubavicius de @cafevespress y disfrutalos en tu casa. Seguí #CocinerosArgentinos a las 13:30 hs en tvpublica.com.ar";2023-02-08 20:46;22790;;23174;;276;100;12;388;;"16.74";;
"3033136487563769014_1417037267";"https://www.instagram.com/reel/CoX3ZCwg7S2/";"https://scontent-lcy1-1.cdninstagram.com/v/t51.36329-15/329249798_727910195513926_681742887954863805_n.jpg?_nc_cat=100&ccb=1-7&_nc_sid=c4dd86&_nc_ohc=c-N9qsirRtoAX9QTWOq&_nc_ht=scontent-lcy1-1.cdninstagram.com&edm=AM6HXa8EAAAA&oh=00_AfD8UX2oLVpzf2bxH_-Z4PjkdTrwZv6ARjRGAjXwM17QLQ&oe=64DDD1BA";"Millie Stegman en nuestro cora forever

⚡️Los jueves a las 20:00 @taniawed y @marianoanga hacen #HolaPaís. En vivo, en Twitch y en YouTube.";2023-02-07 15:28;9901;;9888;;72;3;1;76;;"7.69";;
"3033045313251397053_1417037267";"https://www.instagram.com/reel/CoXiqSEA029/";"https://scontent-lcy1-2.cdninstagram.com/v/t51.36329-15/331113099_4731775286947024_2119765009238031420_n.jpg?_nc_cat=110&ccb=1-7&_nc_sid=c4dd86&_nc_ohc=hhHvmjxeKCAAX8mxNO3&_nc_oc=AQlu_-UA1oknSK2nmIiSmbDJgLmzeZvBvxctkdvNnkcVnBJX5FbSXpShmbHvwYuEbFc&_nc_ht=scontent-lcy1-2.cdninstagram.com&edm=AM6HXa8EAAAA&oh=00_AfDpOveHuA0c_dlnNkkaQYFbGbQP8eyZVwKc-OhGzp_thA&oe=64DCA1B1";"El festival de Cosquín es un lugar de encuentro para jóvenes voces del folklore que por primera vez pueden subir a un gran escenario y mostrar su talento a todo el país.

A orillitas del Río Cosquín, Priscila Colom, Ivana cestari y Aixa Figueroa cantaron sus canciones durante su paso por el Festival de Folklore de Cosquín.

#FestivalPaís @aquicosquinok";2023-02-07 12:27;9803;;9205;;246;8;13;267;;"29.01";;
"3032969231764419501_1417037267";"https://www.instagram.com/reel/CoXRXJqAfOt/";"https://scontent-lcy1-1.cdninstagram.com/v/t51.36329-15/329356654_876475030272031_32827402498560205_n.jpg?_nc_cat=103&ccb=1-7&_nc_sid=c4dd86&_nc_ohc=n7ixZRUinNEAX97zDEK&_nc_ht=scontent-lcy1-1.cdninstagram.com&edm=AM6HXa8EAAAA&oh=00_AfC-NHAV1VtKV2hxYR9aOqRHG57x8w6vdRDvBpjYKeuMuQ&oe=64DDA072";"El Festival Nacional de Folklore nos dejó grandes momentos. Uno de ellos fue cuando @maggiadrian, bajo la sexta luna coscoína, interpretó “Guardianes del Mar”. 

#FestivalPaís";2023-02-07 09:56;10674;;10655;;146;9;1;156;;"14.64";;
"3032408078567060946_1417037267";"https://www.instagram.com/reel/CoVRxTBA7XS/";"https://scontent-lcy1-2.cdninstagram.com/v/t51.36329-15/329417456_708307007611801_1571168184825686958_n.jpg?_nc_cat=110&ccb=1-7&_nc_sid=c4dd86&_nc_ohc=LIEUtwb188QAX9ph92R&_nc_ht=scontent-lcy1-2.cdninstagram.com&edm=AM6HXa8EAAAA&oh=00_AfAqT0iM-l73m2DGw-N9AnsgkvqKQovSctCpqjc8D3VQWQ&oe=64DC598B";"Condenaron a cinco de los rugbiers a perpetua y a los otros tres a 15 años de prisión. Otros dos rugbiers serán investigados por falso testimonio. Aquí el resumen de uno de los veredictos más esperados de los últimos años.";2023-02-06 15:21;27847;;27389;;578;19;21;618;;"22.56";;
"3032294398307264091_1417037267";"https://www.instagram.com/reel/CoU37CBguZb/";"https://scontent-lcy1-1.cdninstagram.com/v/t51.36329-15/329244801_132967596345227_7778252640685657379_n.jpg?_nc_cat=103&ccb=1-7&_nc_sid=c4dd86&_nc_ohc=JzLKi5oOtkoAX_NOiL2&_nc_ht=scontent-lcy1-1.cdninstagram.com&edm=AM6HXa8EAAAA&oh=00_AfAbg7n8IFtdidF13TKekelTif-HXr1H_5FlhCudvZny-g&oe=64DCF125";"Es lunes y nuestro consejo para empezar la semana es el siguiente...

#Ag3 Lunes 20.00 por nuestros canales digitales.";2023-02-06 11:36;6621;;6426;;38;0;0;38;;"5.91";;
"3031086865978653154_1417037267";"https://www.instagram.com/reel/CoQlXH6Anni/";"https://scontent-lcy1-1.cdninstagram.com/v/t51.36329-15/328765393_2078948905628538_3535457128914034836_n.jpg?_nc_cat=107&ccb=1-7&_nc_sid=c4dd86&_nc_ohc=_0GhnkicqpAAX_NjRQj&_nc_ht=scontent-lcy1-1.cdninstagram.com&edm=AM6HXa8EAAAA&oh=00_AfBNPZuEL25HwOZvNUd9vcH1iMquoY6duVWOObPDRzNyTw&oe=64DD1F3F";"Por primera vez en su carrera, @seleveraypampasdebariloche se presentaron en el @festivaljesusmariaoficial y vos lo pudiste ver con #FestivalPaís

🔴 Volvé a ver esta fiesta en tvpublica.com.ar";2023-02-04 19:41;20504;;19927;;154;7;3;164;;"8.23";;
"3030840121088975913_1417037267";"https://www.instagram.com/reel/CoPtQg0gqQp/";"https://scontent-lcy1-1.cdninstagram.com/v/t51.36329-15/328842822_5862334763813732_5708291902196634463_n.jpg?_nc_cat=109&ccb=1-7&_nc_sid=c4dd86&_nc_ohc=AHeKk0yOjNgAX8OkpJp&_nc_ht=scontent-lcy1-1.cdninstagram.com&edm=AM6HXa8EAAAA&oh=00_AfC8syJRnOJjH44iacG3NZmaZRQ6T4ydqLPDTLHhjQ6zcw&oe=64DC7361";"El crimen de Lucio Dupuy puso el foco sobre los niños, niñas y adolescentes que sufren violencia. De acuerdo a UNICEF, el 59% de las infancias en Argentina sufren prácticas violentas de crianza. Un problema que requiere debates profundos y acciones concretas por parte del Estado.";2023-02-04 11:26;17408;;17529;;351;14;17;382;;"21.79";;
"3030365344481944840_1417037267";"https://www.instagram.com/reel/CoOBTmpgCUI/";"https://scontent-lcy1-1.cdninstagram.com/v/t51.36329-15/328505883_725313742530746_1247373364511158139_n.jpg?_nc_cat=111&ccb=1-7&_nc_sid=c4dd86&_nc_ohc=IJ6AtGs8M2UAX_1HJaw&_nc_ht=scontent-lcy1-1.cdninstagram.com&edm=AM6HXa8EAAAA&oh=00_AfAWyCTkJz_kb3ypnwCKLgefABWhIoPLX4ZXwdRV7YQsiA&oe=64DD8F83";"💔 El día que Tania dejó de amar

Hay heridas que perduran en el tiempo. Tania abre su corazón y recuerda aquella situación que la llevó a dejar de demostrar sus sentimientos... ¿A ustedes les pasó algo así?

⚡️Los jueves a las 20:00 @taniawed y @marianoanga hacen #HolaPaís. En vivo, en Twitch y en YouTube.";2023-02-03 19:42;35477;;34497;;681;34;23;738;;"21.39";;
"3030278419133827341_1417037267";"https://www.instagram.com/reel/CoNtirHAQkN/";"https://scontent-lcy1-2.cdninstagram.com/v/t51.36329-15/329084070_1147663039282001_8863444394313630216_n.jpg?_nc_cat=105&ccb=1-7&_nc_sid=c4dd86&_nc_ohc=7aL2iT82b-MAX8374W_&_nc_ht=scontent-lcy1-2.cdninstagram.com&edm=AM6HXa8EAAAA&oh=00_AfDI63B_Zt_6M7B5fV_K8MkJ-ljJCcQW7lKL08UQVReogw&oe=64DDE41B";"En un hecho histórico, “el campo que alimenta” expone sus reclamos ante @sergiomassaok y la Mesa de Enlace. El ministro de Economía comprometió ayuda para los sectores rurales afectados por la sequía. Además de las entidades ruralistas tradicionales, fueron escuchados los reclamos de la agricultura familiar, a través de la Mesa Agroalimentaria Argentina (MAA), que busca dar voz a pequeños productores y cooperativas que hasta el momento no eran tenidas en cuenta.";2023-02-03 16:49;5372;;5489;;43;1;1;45;;"8.2";;
"3030240483482924918_1417037267";"https://www.instagram.com/reel/CoNk6oyAfd2/";"https://scontent-lcy1-1.cdninstagram.com/v/t51.36329-15/327765125_6211173295573813_1355446751940476087_n.jpg?_nc_cat=103&ccb=1-7&_nc_sid=c4dd86&_nc_ohc=nhR26XmgLpkAX-Oqni8&_nc_ht=scontent-lcy1-1.cdninstagram.com&edm=AM6HXa8EAAAA&oh=00_AfA4QF-SR8-S-qUf0xOJR-k0lM1tF8EM6JSh_RXX8YOQzg&oe=64DC9026";"🫶 La Plaza Próspero Molina se iluminó al escuchar a @maggie.cullen reversionar “Canto Versos” de @jorgefandermole

✨ En tvpublica.com.ar podés volver a ver su show completo ¡No te lo pierdas! 

#FestivalPaís";2023-02-03 15:36;52732;;52180;;2430;116;123;2669;;"51.15";;
"3030199226538902748_1417037267";"https://www.instagram.com/reel/CoNbiRQg8Tc/";"https://scontent-lcy1-2.cdninstagram.com/v/t51.36329-15/328565003_511389554462600_1086521967307155503_n.jpg?_nc_cat=110&ccb=1-7&_nc_sid=c4dd86&_nc_ohc=GK5-PLNxufgAX_S8-Vt&_nc_ht=scontent-lcy1-2.cdninstagram.com&edm=AM6HXa8EAAAA&oh=00_AfBY6lH13BMK4-gzWQW1I0KHc9ausWSUPceYMyDJ_i21tg&oe=64DD14F4";"Caso Báez Sosa ¿Cómo se llega al veredicto?

El próximo 6 de febrero habrá veredicto por el asesinato de Fernando Báez Sosa. La querella pidió perpetua mientras que la defensa la absolución. A 3 años del crimen de Fernando es el tiempo de la justicia.";2023-02-03 14:12;21205;;20983;;574;13;26;613;;"29.21";;
"3030118612041158986_1417037267";"https://www.instagram.com/reel/CoNJNLKA1FK/";"https://scontent-lcy1-2.cdninstagram.com/v/t51.36329-15/328554475_574354247898753_3595623634356465866_n.jpg?_nc_cat=106&ccb=1-7&_nc_sid=c4dd86&_nc_ohc=80WuuEDKuc4AX9znSOw&_nc_ht=scontent-lcy1-2.cdninstagram.com&edm=AM6HXa8EAAAA&oh=00_AfDcxtH_LgPJKd7FDrCSbG0u3z9yD6rTalX6FKjnlB0zlQ&oe=64DD9C1B";"✨ @destinosanjavier fue galardonado con el Premio Consagración en la 63° edición del Festival Nacional de Folklore de Cosquín, De músico a músico, Franco, Paolo y Bruno le dejan un mensaje a las nuevas generaciones.

🔴 Volvé a ver esta Cosquín 2023 en tvpublica.com.ar";2023-02-03 11:50;24002;;23762;;806;13;15;834;;"35.1";;
"3029636310399970258_1417037267";"https://www.instagram.com/reel/CoLbiwwA-vS/";"https://scontent-lcy1-2.cdninstagram.com/v/t51.36329-15/329048877_710083867427738_6164711103768135065_n.jpg?_nc_cat=105&ccb=1-7&_nc_sid=c4dd86&_nc_ohc=0MHHZGVT1bYAX-zG3q8&_nc_ht=scontent-lcy1-2.cdninstagram.com&edm=AM6HXa8EAAAA&oh=00_AfCpyx0JomG2MjLbkJbBpQTqveUSPgdNad6J5nbrQXE9bQ&oe=64DC9A5E";"¡Hola @alanPichot te estamos llamando queremos jugar! En #Ag3 seguimos la carrera y los torneos de nuestros mejores representantes, por eso, interrumpimos sus vacaciones para hacerle algunas preguntas ¿ Nos atenderá? 

Todos los lunes, 20.00 la comunidad del #Ajedrez argentino se une en nuestras plataformas digitales.";2023-02-02 19:39;5664;;5647;;44;2;3;49;;"8.68";;
"3029365685584179168_1417037267";"https://www.instagram.com/reel/CoKeApwAK_g/";"https://scontent-lcy1-1.cdninstagram.com/v/t51.36329-15/327612838_146476621254653_8552931394751940502_n.jpg?_nc_cat=108&ccb=1-7&_nc_sid=c4dd86&_nc_ohc=O_DoIhh9sTUAX_2mkZG&_nc_ht=scontent-lcy1-1.cdninstagram.com&edm=AM6HXa8EAAAA&oh=00_AfBrPn_XsuUB9n9ArtxvrQBp-gs5DdiNzewiHn9KajLjUQ&oe=64DD5802";"Este 2 de febrero se conmemora el Día Mundial de los Humedales. El 35% de los humedales del mundo desapareció en los últimos 50 años. En Argentina hay 23, que ocupan algo más de 5 millones y medio de hectáreas.";2023-02-02 10:36;15805;;15263;;286;18;5;309;;"20.25";;
"3028658611552256337_1417037267";"https://www.instagram.com/reel/CoH9PXvgAFR/";"https://scontent-lcy1-2.cdninstagram.com/v/t51.36329-15/328692196_1304206296791965_3387168735167532654_n.jpg?_nc_cat=110&ccb=1-7&_nc_sid=c4dd86&_nc_ohc=sJeyBGBE0dgAX8KfBdx&_nc_ht=scontent-lcy1-2.cdninstagram.com&edm=AM6HXa8EAAAA&oh=00_AfB3NxmumxOb6Xm5Qhd3eXeakvfo4z03EklUTLXwsd43ow&oe=64DD0BD0";"La obra de María Elena Walsh cambió el modo de pensar las infancias y de producir Literatura. Fue una poeta, escritora, cantautora, dramaturga, luchadora por los derechos de la mujer y activista a favor del aborto. A 93 años de su nacimiento, la recordamos con una entrevista.

#MariaElenaWalsh";2023-02-01 11:11;50360;;47785;;1523;156;26;1705;;"35.68";;
